id,author,gender,race_ethnicity,nationality,notes,alias_for
002015,Jane Austen,Female,White,English,,
006491,William Shakespeare,Male,White,English,,
005191,F. Scott Fitzgerald,Male,White,American,,
004173,Fyodor Dostoevsky,Male,White,Russian,,
009569,Harper Lee,Female,White,American,,
000779,Miguel de Cervantes,Male,White,Spanish,,
000454,Gabriel Garc√≠a M√°rquez,Male,Latino,Colombian,,
008557,Emily Bront√´,Female,White,English,,
006159,Oscar Wilde,Male,White,Irish,,
002167,Ernest Hemingway,Male,White,American,,
004725,Mary Shelley,Female,White,English,,
007905,Margaret Atwood,Female,White,Canadian,,
001082,James Joyce,Male,White,Irish,,
004566,Geoffrey Chaucer,Male,White,English,,
001658,Virgil,Male,White,Roman,,
003899,Albert Camus,Male,White,French,,
002306,Gustave Flaubert,Male,White,French,,
005487,Henry James,Male,White,"American, British",,
000682,Colson Whitehead,Male,Black,American,,
007062,Cormac McCarthy,Male,White,American,,
009346,Stieg Larsson,Male,White,Swedish,,
001253,Jonathan Swift,Male,White,Irish,,
005108,Plato,Male,White,Greek,,
002210,Khaled Hosseini,Male,Middle Eastern or North African,American,Afghani-American,
006328,John Milton,Male,White,English,,
004742,Gillian Flynn,Female,White,American,,
004414,Chinua Achebe,Male,Black,Nigerian,,
008571,Suzanne Collins,Female,White,American,,
009891,Daniel Defoe,Male,White,English,,
003584,Joseph Conrad,Male,White,"Polish, British",,
007493,Rebecca Skloot,Female,White,American,,
001343,Brit Bennett,Female,Black,American,,
005417,Audrey Niffenegger,Female,White,American,,
004339,Frank Herbert,Male,White,American,,
001232,John Green,Male,White,American,,
006981,Dan Brown,Male,White,American,,
001064,Murasaki Shikibu,Female,Asian,Japanese,,
007200,T.S. Eliot,Male,White,American,,
003624,Arundhati Roy,Female,Asian,Indian,,
002682,Paula Hawkins,Female,White,British,,
004247,Patrick Rothfuss,Male,White,American,,
008566,Mohsin Hamid,Male,Asian,"British, Pakistani",,
006694,Yuval Noah Harari,Male,White,Israeli,Jewish,
005959,Anthony Doerr,Male,White,American,,
009414,Sally Rooney,Female,White,Irish,,
005212,Taylor Jenkins Reid,,White,American,,
007194,Alexandra Bracken,Male,White,American,,
005159,Yann Martel,Male,White,Canadian,,
008570,Jhumpa Lahiri,Female,Asian,American,,
001446,Ray Bradbury,Male,White,American,,
005036,Vladimir Nabokov,Male,White,"Russian, American",,
004379,Carlos Ruiz Zaf√≥n,Male,White,Spanish,,
001336,Lisa Jewell,Female,White,British,,
003800,V.E. Schwab,Female,White,American,,
005670,Henry Fielding,Male,White,English,,
003846,Robert Louis Stevenson,Male,White,Scottish,,
006800,Robert R. McCammon,Male,White,American,,
009129,C.S. Lewis,Male,White,Irish,,
000455,George Saunders,Male,White,American,,
004967,Edith Wharton,Female,White,American,,
003728,Aimee Bender,Female,White,American,Jewish,
007862,Hanya Yanagihara,Female,Asian,American,Of Japanese and Korean descent,
007311,Samuel Beckett,Male,White,Irish,,
001561,J.K. Rowling,Female,White,English,,
008976,Ruth Ware,Female,White,British,,
006227,Giovanni Boccaccio,Male,White,Italian,,
001564,Matt Haig,Male,White,British,,
003462,Kiran Desai,Female,Asian,Indian,,
008764,Marilynne Robinson,Female,White,American,,
004496,Rachel Kushner,Female,White,American,,
004101,Jeffrey Eugenides,Male,White,American,,
000214,Barbara Kingsolver,Female,White,American,,
009128,Muriel Barbery,Female,Middle Eastern or North African,French,Morroccan,
003098,Mark Haddon,Male,White,British,,
004958,Samuel Richardson,Male,White,English,,
001902,Amor Towles,Male,White,American,,
005124,Ralph Ellison,Male,Black,American,,
009184,Sarah Waters,Female,White,British,,
009495,Salman Rushdie,Male,Asian,"Indian, British, American",,
007353,Tara Westover,Female,White,American,,
001813,John Bunyan,Male,White,English,,
004288,Elizabeth Kostova,Female,White,American,,
003292,Edward P. Jones,Male,Black,American,,
005690,Sandra Cisneros,Female,Latino,American,Of Mexican descent,
004962,Douglas Stuart,Male,White,"American, Scottish",,
005142,Kate Chopin,Female,White,American,,
008251,Casey McQuiston,Non-Binary,White,American,,
001879,Sue Monk Kidd,Female,White,American,,
004446,Sigmund Freud,Male,White,Austrian,,
002123,Elizabeth Kolbert,Female,White,American,,
003273,Stuart Turton,Male,White,British,,
000309,Thomas Mann,Male,White,German,,
007275,Laurence Sterne,Male,White,Irish,,
006358,Ursula K. Le Guin,Female,White,American,,
009064,Paul Beatty,Male,Black,American,,
000606,Laura Dave,Female,White,American,,
003461,Aristotle,Male,White,Greek,,
005026,William Golding,Male,White,British,,
008800,Wilkie Collins,Male,White,British,,
008710,Paula McLain,Female,White,American,,
001056,Miranda July,Female,White,American,,
002492,Adam Smith,Male,White,Scottish,,
001047,Ann Patchett,Female,White,American,,
001568,Vyasa,Male,Asian,Indian,,
001505,Gail Honeyman,Female,White,British,,
008568,Lucy Foley,Female,White,British,,
006616,Veronica Roth,Female,White,American,,
007752,Aeschylus,Male,White,Greek,,
001121,Herodotus,Male,White,Greek,,
009098,Confucius,Male,Asian,Chinese,,
005580,David Mitchell,Male,White,British,,
003607,Wu Cheng'en,Male,Asian,Chinese,,
000474,Tayari Jones,Female,Black,American,,
009328,Brandon Sanderson,Male,White,American,,
001195,Sir Thomas Malory,Male,White,English,,
004493,Marcus Aurelius,Male,White,Roman,,
005913,Adam Johnson,Male,Native American,American,,
005419,Jeffery Deaver,Male,White,American,,
009863,Ernest Cline,Male,White,American,,
008460,Oliver Goldsmith,Male,White,"Irish, British",,
005261,George R.R. Martin,Male,White,American,,
002900,Thomas Pynchon,Male,White,American,,
005461,Rumaan Alam,Male,Asian,American,Of Bangladeshi descent,
008512,Emily Dickinson,Female,White,American,,
000533,Maggie O'Farrell,Female,White,Irish,,
000142,Susanna Clarke,Female,White,British,,
000401,Jules Verne,Male,White,French,,
009860,Lauren Groff,Female,White,American,,
008499,A.J. Finn,Male,White,American,,
003588,China Mi√©ville,Male,White,British,,
001789,Marjane Satrapi,Female,Middle Eastern or North African,"French, Iranian",,
005864,Roberto Bola√±o,Male,Latino,Chilean,,
006739,Emma Donoghue,Female,White,"Canadian, Irish",,
003780,Graeme Simsion,Male,White,Australian,,
006210,Silvia Moreno-Garcia,Female,Latino,"Canadian, Mexican",,
007513,Karla Cornejo Villavicencio,Female,Latino,"Ecuadorian, American",,
006564,Julian Barnes,Male,White,English,,
005141,James Dashner,Male,White,American,,
003419,Lucy Fokley,Female,White,British,,
001717,Upton Sinclair,Male,White,American,,
004152,Dee Brown,Male,White,American,,
005218,Sally Thorne,Female,White,Australian,,
000558,Milan Kundera,Male,White,"Czech, French",,
007490,Hernan Diaz,Male,Latino,"Argentinian, American",,
001477,Dave Eggers,Male,White,American,,
001176,Allison Dickson,Female,White,American,,
007209,Shel Silverstein,Male,White,American,,
002894,Robert Galbraith,Female,White,British,,
008276,Philippa Gregory,Female,White,British,,
004876,Doris Lessing,Female,White,British,,
006935,Torrey Peters,Female,White,American,Trans,
001818,Rainbow Rowell,Female,White,American,,
001874,E.B. White,Male,White,American,,
002487,Nelson Mandela,Male,Black,South African,,
001133,Tana French,Female,White,"American, Irish",,
007600,Scott Lynch,Male,White,American,,
003204,Cherie Priest,Female,White,American,,
003962,Min Jin Lee,Female,Asian,"Korean, American",,
000076,J.M. Barrie,Male,White,Scottish,,
003363,Jean-Paul Sartre,Male,White,French,,
005305,Ruth Ozeki,Female,"Asian, White","American, Canadian",Of Japanese descent,
003796,Elif Batuman,Female,White,American,Of Turkish descent,
002761,Mario Puzo,Male,White,American,Of Italian descent,
006170,Patricia Lockwood,Female,White,American,,
004668,Art Spiegelman,Male,White,American,Of Polish Jewish descent,
008092,Steven Hall,Male,White,British,,
004324,Zora Neale Hurston,Female,Black,American,,
000110,Charlotte Perkins Gilman,Female,White,American,,
006857,Susan Cain,Female,White,American,,
005992,Apuleius,Male,Middle Eastern or North African,Numidian,"Numidian, in modern day Algeria",
009750,Holly Black,Female,White,American,,
006233,Graham Greene,Male,White,English,,
006252,L.M. Montgomery,Female,White,English,,
009432,Philipp Meyer,Male,White,English,,
003142,Claudia Rankine,Female,Black,English,,
006960,Maya Angelou,Female,Black,American,,
009501,Thomas Hobbes,Male,White,English,,
009688,Michael Pollan,Male,White,American,,
006390,Bonnie Garmus,Female,White,American,,
001754,Eckhart Tolle,Male,White,German,,
001871,Jorge Luis Borges,Male,Latino,Argentinian,,
003080,Liane Moriarty,Female,White,Australian,,
006420,Katherine Howe,Female,White,American,,
002055,Matthew Lewis,Male,White,English,,
007104,Phil Klay,Male,White,American,,
007846,Christopher Marlowe,Male,White,English,,
007537,Julie Otsuka,Female,Asian,American,Japanese-American,
000662,Lord Byron,Male,White,British,,
006497,Anita Diamant,Female,White,American,,
002092,T.J. Klune,Male,White,American,,
009606,Esi Edugyan,Female,Black,Canadian,Of Ghanaian descent,
001981,Fredrik Backman,Male,White,Swedish,,
001070,Ken Kesey,Male,White,American,,
000056,Nana Kwame Adjei-Brenyah,Male,Black,American,,
004325,Nick Harkaway,Male,White,British,,
008822,Doris Kearns Goodwin,Female,White,American,,
004040,Tennessee Williams,Male,White,American,,
006204,Helene Wecker,Female,White,American,,
009223,R.O. Kwon,Female,Asian,"American, South Korean",,
007957,Jasmine Guillory,Female,Black,American,,
009244,Justin Cronin,Male,White,American,,
003908,David Foster Wallace,Male,White,American,,
001663,Alison Bechdel,Female,White,American,,
006250,Paolo Bacigalupi,Male,White,American,,
006657,Erin Kelly,Female,White,English,,
002502,Halle Butler,Female,White,American,,
007514,Rachel Carson,Female,White,American,,
005983,Victoria Aveyard,Female,White,American,,
007852,Jean Hanff Korelitz,Female,White,American,,
001833,John Dryden,Male,White,English,,
007526,Hiromi Kawakami,Female,Asian,Japanese,,
007722,Shola von Reinhold,Female,Black,Scottish,,"Also uses ""they"" pronouns"
004185,Aleksandr Solzhenitsyn,Male,White,Russian,,
001903,Muriel Spark,Female,White,Scottish,,
004677,Kevin Brockmeier,Male,White,American,,
007188,Henry David Thoreau,Male,White,American,,
007044,Italo Calvino,Male,White,Italian,,
001815,Anna Burns,Female,White,Irish,,
007619,Ottessa Moshfegh,Female,"White, Middle Eastern or North African",American,Of Croatian and Iranian descent,
002882,Orhan Pamuk,Male,White,Turkish,,
002419,Bryan Stevenson,Male,Black,American,,
000814,Alexander Pope,Male,White,English,,
004032,Laozi,Male,Asian,Chinese,,
009582,James Patterson,Male,White,American,,
006631,Nathan Hill,Male,White,American,,
009380,Ben Lerner,Male,White,American,,
009354,Kim Stanley Robinson,Male,White,American,,
002884,John Carreyrou,Male,White,"French, American",,
001829,Jacqueline Woodson,Female,Black,American,,
003879,Arthur Golden,Male,White,American,,
006992,Maggie Shipstead,Female,White,American,,
007406,Sarah J. Maas,Female,White,American,,
003487,Cynthia D'Aprix Sweeney,Female,White,American,,
006338,Jennifer McMahon,Female,White,American,,
004531,Pat Barker,Female,White,English,,
008095,Alma Katsu,Female,"Asian, White",American,,
000430,Anthony Burgess,Male,White,English,,
006286,Saint Augustine,Male,Middle Eastern or North African,Numidian,Berber,
004486,Moli√®re,Male,White,French,,
002387,Flannery O'Connor,Female,White,American,,
005300,Elizabeth Gaskell,Female,White,British,,
001913,Sarah M. Broom,Female,Black,American,,
004169,Jia Tolentino,Female,Asian,American,Filipino-American,
005379,M.R. Carey,Male,White,British,,
008765,William Wordsworth,Male,White,English,,
000015,Jeanine Cummins,Female,"White, Latino",American,Of Irish and Puerto Rican descent,
008162,Malcolm X,Male,Black,American,,
006744,Susan Choi,Female,"Asian, White",American,Of Korean descent,
009006,Neal Stephenson,Male,White,American,,
002672,Jeanette Winterson,Female,White,English,,
008522,Dr. Seuss,Male,White,American,,
009284,James Clear,Male,White,American,,
007833,Booth Tarkington,Male,White,American,,
004366,W.E.B. Du Bois,Male,Black,American,,
007704,Elizabeth Gilbert,Female,White,American,,
004125,Chloe Benjamin,Female,White,American,,
005961,Colleen Hoover,Female,White,American,,
005567,Margot Lee Shetterly,Female,Black,American,,
009357,Rick Riordan,Male,White,American,,
008860,Karan Mahajan,Male,Asian,"American, Indian",,
003819,David Grann,Male,White,American,,
007786,Roshani Chokshi,Female,Asian,American,,
003093,Kate Morton,Female,White,Australian,,
005415,Langston Hughes,Male,Black,American,,
009162,Ron Chernow,Male,White,American,Of Jewish descent,
005139,Gary Shteyngart,Male,White,American,Of Russian Jewish descent,
000809,Theodore Dreiser,Male,White,American,,
009425,Adrian Tchaikovsky,Male,White,British,,
001118,Roxane Gay,Female,Black,American,,
003890,Eric Carle,Male,White,American,,
009356,Alice Hoffman,Female,White,American,,
007095,Miranda Cowley Heller,Female,White,American,,
009651,Annie Proulx,Female,White,American,,
004913,John Grisham,Male,White,American,,
009839,Mark Manson,Male,White,American,,
001111,Beatrix Potter,Female,White,English,,
009470,Frederick Douglass,Male,Black,American,,
001636,Dhonielle Clayton,Female,Black,American,,
004739,Mariama B√¢,Female,Black,Senegalese,,
009429,Naomi Klein,Female,White,Canadian,,
002799,Jay Anson,Male,White,American,,
008119,Fiona Davis,Female,White,American,,
007419,Joan Didion,Female,White,American,,
002942,Hunter S. Thompson,Male,White,American,,
006867,Chad Harbach,Male,White,American,,
004355,Robert Ludlum,Male,White,American,,
008404,S.E. Hinton,Female,White,American,,
007374,Megha Majumdar,Female,Asian,Indian,,
004145,Eug√®ne Sue,Male,White,French,,
002318,Cicero,Male,White,Roman,,
006737,Mario Vargas Llosa,Male,Latino,Peruvian,,
004118,E.L. Doctorow,Male,White,American,Of Russian Jewish descent,
006545,Denise Mina,Female,White,Scottish,,
004195,Kevin Wilson,Male,White,American,,
002455,Greer Hendricks,Female,White,American,,
002140,Robert Southey,Male,White,English,,
006367,Jane Harper,Male,White,"British, Australian",,
008051,Stephen R. Covey,Male,White,American,,
004047,Abi Dar√©,Female,Black,Nigerian,,
004952,John Locke,Male,White,English,,
008038,Tobias Smollett,Male,White,Scottish,,
007915,James McBride,Male,Black,American,,
007913,Rose Tremain,Female,White,English,,
008160,Danez Smith,Non-Binary,Black,American,,
000825,Baroness Emmuska Orczy,Female,White,British,,
004193,Alexander Pushkin,Male,White,Russian,,
005098,Walter Moers,Male,White,German,,
007388,Arkady Martine,Female,White,American,Of Russian Jewish descent,
003525,Anne Rice,Female,White,American,,
008581,Tracy Chevalier,Female,White,"American, British",,
002641,Peter Bognanni,Male,White,American,,
001919,Marissa Meyer,Female,White,American,,
009025,John Webster,Male,White,English,,
006524,Terry Brooks,Male,White,American,,
001984,Marie Benedict,Female,White,American,,
006496,Tracy Letts,Male,White,American,,
004903,Maurice Sendak,Male,White,American,,
000102,John Barth,Male,White,American,,
005623,Tom Rachman,Male,White,"English, Canadian",,
007653,Cheryl Strayed,Female,White,American,,
004618,Truman Capote,Male,White,American,,
009119,Stephenie Meyer,Female,White,American,,
002872,John Patrick Shanley,Male,White,American,,
001484,Tom Wolfe,Male,White,American,,
008518,Petronius,Male,White,Roman,,
002867,Frank Miller,Male,White,American,,
004297,Amos Tutuola,Male,Black,Nigerian,,
000293,Bret Easton Ellis,Male,White,American,,
003869,Nicola Yoon,Female,Black,American,Jamaican-American,
001028,Richard Adams,Male,White,English,,
005295,Fernando Pessoa,Male,White,Portuguese,,
003494,Katherine Boo,Female,White,American,,
001433,Sara Gruen,Female,White,"American, Canadian",,
006343,Erich Maria Remarque,Male,White,German,,
009922,William Godwin,Male,White,English,,
005493,Robert Galbraith (J.K. Rowling),Female,White,British,,
006959,Pierre Choderlos de Laclos,Male,White,French,,
002827,Ann Leckie,Female,White,American,,
000862,Nikolai Gogol,Male,White,Russian,,
004675,Elizabeth Acevedo,Female,"Latino, Black",American,Dominican-American,
004408,Michelle Alexander,Female,Black,American,,
005166,Aesop,Male,Unknown,Greek,,
006013,Meghan O'Rourke,Female,White,American,,
001757,Carrie Ryan,Female,White,American,,
003681,Chang-rae Lee,Male,Asian,American,Korean-American,
008759,Tess Gunty,Female,White,American,,
004894,Brian Selznick,Male,White,American,,
005655,Immanuel Kant,Male,White,German,,
000942,Philip Sidney,Male,White,English,,
000656,G√ºnter Grass,Male,White,German,,
006427,Vauhini Vara,Female,Asian,"Canadian, American",Of Indian descent,
000882,Andrew Solomon,Male,White,American,,
001736,Luo Guanzhong,Male,Asian,Chinese,,
005940,Primo Levi,Male,White,Italian,Jewish-Italian,
008974,Azar Nafisi,Female,Middle Eastern or North African,American,Iranian-American,
007045,Genevieve Gornichec,Female,White,American,,
000294,Jean Racine,Male,White,French,,
000953,Mikhail Sholokhov,Male,White,Russian,,
002762,Honor√© de Balzac,Male,White,French,,
008734,Jon Krakauer,Male,White,American,,
004917,Nathan Harris,Male,Black,American,,
009690,Oliver Sacks,Male,White,British,,
004630,Saul Bellow,Male,White,"Canadian, American",,
009148,Kate DiCamillo,Female,White,American,,
001150,Katie Kitamura,Female,Asian,American,Of Japanese descent,
001450,Jenny Han,Female,Asian,American,,
005462,Chr√©tien de Troyes,Male,White,French,,
002270,Manuel Puig,Male,Latino,Argentinian,,
006124,Maria Semple,Female,White,American,,
003421,Nancy Farmer,Female,White,American,,
006474,John Scalzi,Male,White,American,Italian-American,
004814,Lynn Nottage,Female,Black,American,,
000704,Christine de Pizan,Female,White,French,,
009453,Laila Lalami,Female,Middle Eastern or North African,"American, Moroccan",,
007937,Urgunge Onon,Male,Asian,Chinese,Daur Mongol,
002606,Thomas Paine,Male,White,American,,
002842,Benjamin Franklin,Male,White,American,,
004745,Teju Cole,Male,Black,"Nigerian, American",,
000427,Sir Philip Sidney,Male,White,English,,
006843,Craig Thompson,Male,White,American,,
006352,Rae Armantrout,Female,White,American,,
003697,Robert Musil,Male,White,Austrian,,
003173,Carlo Collodi,Male,White,Italian,,
006410,Bruce Norris,Male,White,American,,
005433,Patrick Ness,Male,White,"American, British",,
007210,Robert Graves,Male,White,English,,
000561,Attar of Nishapur,,,,,
005963,Robert Munsch,Male,White,"American, Canadian",,
000033,Ayi Kwei Armah,Male,Black,Ghanaian,,
004755,Miles Franklin,Female,White,Australian,,
001313,Keri Hulme,Female,"White, Pacific Islander",New Zealand,"Of English, Scottish, and Maori",
008371,Pearl S. Buck,Female,White,American,,
003299,Layla F. Saad,Female,Black,British,Of Zanzibari and Kenyan descent,
009423,Ambrose Bierce,Male,White,American,,
008697,Imani Perry,Female,Black,American,,
004309,Claire-Louise Bennett,Female,White,British,,
002077,David W. Blight,Male,White,American,,
002939,John Stuart Mill,Male,White,English,,
002360,Bill Martin Jr.,Male,White,American,,
005522,Robert Kolker,Male,White,American,,
002911,W. Somerset Maugham,Male,White,English,,
009372,Henry Miller,Male,White,American,,
009329,Marguerite de Navarre,Female,White,French,,
002560,Olga Tokarczuk,Female,White,Polish,,
003566,Nam Le,Male,Asian,Australian,Vietnamese-Australian,
008926,Pankaj Mishra,Male,Asian,Indian,,
009997,Erasmus,Male,White,Dutch,,
007845,Alice Munro,Female,White,Canadian,,
009681,Chigozie Obioma,Male,Black,Nigerian,,
002849,Ali Smith,Female,White,Scottish,,
008533,Robin Wall Kimmerer,Female,Native American,American,Member of Potawatomi tribe,
002218,Maxine Hong Kingston,Female,Asian,American,Of Chinese descent,
003400,David Diop,Male,Black,French,Of Cameroonian descent,
003307,John Buchan,Male,White,Scottish,,
002236,John Knowles,Male,White,American,,
001075,David McCullough,Male,White,American,,
000046,Viola Davis,Female,Black,American,,
004420,Lisa Unger,Female,White,American,,
002786,Marissa Stapley,Female,White,Canadian,,
000170,Karolina Waclawiak,Female,White,"American, Polish",,
006644,Iain M. Banks,Male,White,Scottish,,
003066,George Herbert,Male,White,English,,
000851,P.D. James,Female,White,English,,
008790,Kate Mosse,Female,White,British,,
006555,M. Scott Peck,Male,White,American,,
006081,Dean Koontz,Male,White,American,,
004772,Giorgio Bassani,Male,White,Italian,,
002160,Andrew Marvell,Male,White,English,,
005189,Frederick Rolfe,Male,White,English,English,
005251,Catriona Ward,Female,White,"American, British",,
009657,Sarah Perry,Female,White,English,,
004201,Giovanni Villani,Male,White,Italian,,
004872,Ayn Rand,Female,White,"American, Russian",,
009023,Guillaume de Lorris,Male,White,French,,
007816,Tina Fey,Female,White,American,,
004947,Ildefonso Falcones,Male,White,Spanish,,
006113,Pam Jenoff,Female,White,American,,
001434,Sadie Jones,Female,White,English,,
008047,Jenny Jackson,Female,White,American,,
007970,John Boyne,Male,White,Irish,,
009114,Eugene O'Neill,Male,White,American,,
008386,Robert A. Heinlein,Male,White,American,,
007629,Tom Stoppard,Male,White,British,"Czech-born, Jewish",
004649,Louise Gl√ºck,Female,White,American,,
000565,Amy Waldman,Female,White,American,,
002331,Elliot Page,Male,White,Canadian,Trans,
008401,Kathleen Kent,Female,White,American,,
005486,Sam Lipsyte,Male,White,American,,
008771,Thomas S. Kuhn,Male,White,American,Of Jewish descent,
009532,John Gower,Male,White,English,,
002150,S.J. Watson,Male,White,British,,
002651,Laline Paull,Female,Asian,British,Of Indian descent,
006196,Jonathan Dee,Male,White,American,,
001713,Kahlil Gibran,Male,Middle Eastern or North African,"American, Lebanese",,
006588,Fran√ßois Rabelais,Male,White,French,,
003347,Patrick S√ºskind,Male,White,German,,
007075,Alka Joshi,Female,Asian,"American, Indian",,
005223,Jordan Ifueko,Female,Black,"American, Nigerian",,
009097,India Holton,Female,White,New Zealand,,
000563,Chuck Palahniuk,Male,White,American,,
009472,Yiyun Li,Female,Asian,"American, Chinese",,
008031,Holly Jackson,Female,White,British,,
004302,Natalie Haynes,Female,White,English,,
003718,Mitch Albom,Male,White,American,,
008844,Gotthold Ephraim Lessing,Male,White,German,,
003016,Tracy Deonn,Female,Black,American,,
004993,Euclid,Male,White,Greek,,
005950,Gregory David Roberts,,,,,
000932,Anna Beth McPartlin,Female,White,Irish,,
004372,James Clavell,Male,White,"Australian, British",,
003453,Robert Kiyosaki,Male,Asian,American,Of Japanese descent,
001803,Jazmine Calley,,,,,
002494,Andrey Kurkov,Male,White,Ukranian,,
003086,Arthur Phillips,Male,White,American,Jewish,
006708,Susan Orlean,Female,White,American,,
008935,Rebecca Hart,Female,White,American,,
007607,Imbolo Mbue,Female,Black,"American, Cameroonian",,
003180,Nicole Dennis-Benn,Female,Black,Jamaican,,
003638,K.J. Parker,Male,White,British,,Tom Holt
008165,James Redfield,Male,White,American,,
007577,Judy I. Lin,Female,Asian,"Canadian, Taiwanese",,
002305,T. Kingfisher,Female,White,American,,
003027,Michael J. Sullivan,Male,White,American,,
000141,Shehan Karunatilaka,Male,Asian,Sri Lankan,,
009269,Natsuo Kirino,Female,Asian,Japanese,,Mariko Hashioka
009420,Alan Moore,Male,White,British,,
008716,Vaishnavi Patel,Female,Asian,American,Of Indian descent,
007468,Shelby Van Pelt,Female,White,American,,
000278,Jeff Hobbs,Male,White,American,,
008441,Edgar Rice Burroughs,Male,White,American,,
009048,C.L. Polk,Non-Binary,Black,Canadian,,Chelea Louise Polk
001340,A.M. Homes,Female,White,American,,Amy M. Homes
008777,Nick Drnaso,Male,White,American,,
008619,Andrzej Tich_,Male,White,"Swedish, Czech, Polish",,
000149,Sayaka Murata,Female,Asian,Japanese,,
002373,Hiroko Oyamada,Female,Asian,Japanese,,
000330,Leslie Jamison,Female,White,American,,
001945,Robert Penn Warren,Male,White,American,,
009706,Paul Murray,Male,White,Irish,,
007369,Lynne Truss,Female,White,English,,
002531,Tom McCarthy,Male,White,"British, Swedish",,
007356,C.K. Williams,Male,White,American,,
003460,John Bayley,Male,White,British,,
001926,Ian McGuire,Male,White,British,,
002924,Josefina Licitra,Female,Latino,Argentinian,,
009603,E. Annie Proulx,Female,White,American,,"Annie Proulx, E.A. Proulx"
005684,Amy Schumer,Female,White,American,,
002576,Tom Rob Smith,Male,White,English,,
001276,Alix Harrow,Female,White,American,,
000448,Andrew Ross Sorkin,Male,White,American,Of Jewish descent,
005024,Tracy K. Smith,Female,Black,American,,
004373,Heidi Schreck,Female,White,American,,
009485,Jackie Sibblies Drury,Female,Black,American,Of Jamaican descent,
001268,Antoinette Nwandu,Female,Black,American,,
003667,Ana√Øs Duplan,Male,Black,Haitian,Trans,
006473,Travis Baldree,Male,White,American,,
007608,Tyehimba Jess,Male,Black,American,,
007790,Catherine Hernandez,Female,"Asian, White",Canadian,"Of Filipino, Chinese, Spanish, and Indian descent",
002181,Eoin Colfer,Male,White,Irish,,
002938,Samanta Schweblin,Female,Latino,Argentinian,,
003843,Elaine Hsieh Chou,Female,Asian,"American, Taiwanese",,
008072,Ada Lim√≥n,Female,Latino,American,Of Mexican descent,
007729,Roxanne Dunbar-Ortiz,Female,Native American,American,Native Americanancestry contested,
009744,NoViolet Bulawayo,Female,Black,Zimbabwean,,Elizabeth Zandie Tshele
001555,John Dower,Male,White,American,,
006145,Sonali Deraniyagala,Female,Asian,Sri Lankan,,
000570,Silvia Vasquez-Lavado,Female,Latino,"Peruvian, American",,
009171,Catherynne M. Valente,Female,White,American,,
000629,Christina Baker Kline,Female,White,American,,
000511,Sadeqa Johnson,Female,Black,American,,
005604,Nova Jacobs,Female,White,American,,
003479,Greg Baxter,Male,White,American,,
002982,Steve Berry,Male,White,American,,
001349,Xochitl Gonzalez,Female,Latino,American,Of Puerto Rican and Mexican descent,
004509,Michael Shaara,Male,White,American,,
001600,Szil√°rd Borb√©ly,Male,White,Hungarian,,
006836,Marieke Lucas Rijneveld,Non-Binary,White,Dutch,,Lucas Rijneveld
001302,Paul Fussell,Male,White,American,,
000940,Guillermo del Toro,Male,Latino,Mexican,,
008046,Val Lewton,Male,White,"American, Russian",,
003574,Mark Lawrence,Male,White,"American, British",,
008016,Brent Weeks,Male,White,American,,
001742,Seneca,Male,White,Roman,,
006443,Jandy Nelson,Female,White,American,,
002371,Kody Keplinger,Female,White,American,,
004142,Jennifer A. Nielsen,Female,White,American,,
003106,Libba Bray,Female,White,American,,
002591,Luis Alberto Urrea,Male,Latino,"American, Mexican",,
002141,Scarlett Thomas,Female,White,English,,
002943,Clyde Edgerton,Male,White,American,,
002865,David Bergen,Male,White,Canadian,,
006476,Allegra Goodman,Female,White,American,Of Jewish descent,
001748,Zoroaster,Male,Middle Eastern or North African,Iranian,,
009698,Sappho,Female,White,Greek,,
008497,Philostratus,Male,White,Greek,,
009858,Galen,Male,Middle Eastern or North African,"Greek, Roman",,
008237,Martial,Male,White,Roman,,
006505,Helen Keller,Female,White,American,,
007339,Sherrilyn Kenyon,Female,White,American,Kinley MacGregor,
003985,Isaac Newton,Male,White,British,,
000091,James Watson,Male,White,English,,
009268,Eric Ries,Male,White,American,,
009514,Jo Nesbo,Male,White,Norwegian,,Jo Nes
003824,George MacDonald,Male,White,Scottish,,
008547,Emily X.R. Pan,Female,Asian,American,Of Taiwanese descent,
002299,Martin Heidegger,Male,White,German,,
005051,Deborah Lawrenson,Female,White,British,,
008986,Thich Nhat Hanh,Male,Asian,Vietnamese,,
007073,J.Y. Yang,Non-Binary,Asian,Singaporean,,
001905,Joe Hill,Male,White,American,,
005122,Kobo Abe,Male,Asian,Japanese,,
007590,Frantz Fanon,Male,"Black, White",French,Afro-Caribbean,
008681,Mahatma Gandhi,Male,Asian,Indian,,
001602,Ben Okri,Male,Black,"British, Nigerian",,
008995,Thomas De Quincey,Male,White,English,,
004357,Ren√© Descartes,Male,White,French,,
005789,Lorraine Hansberry,Female,Black,American,,
005795,Rumi,Male,Middle Eastern or North African,Khwarezmian,Born in current day Iran,
002715,Gary Keller,Male,White,American,,
003366,Hal Elrod,Male,White,American,,
003233,Ludovico Ariosto,Male,White,Italian,,
005877,Nevil Shute,Male,White,English,,
009834,Wolfram von Eschenbach,Male,White,German,,
009219,Wace,Male,White,Norman,,
004645,Francis Bacon,Male,White,English,,
005715,Wendy Wunder,Female,White,American,,
009433,Koji Suzuki,Male,Asian,Japanese,,
002111,Doreen Cronin,Female,White,American,,
009176,George McManus,Male,White,American,Of Irish descent,
003731,Thornton Wilder,Male,White,American,,
004057,Julie Kramer,Female,White,American,,
005726,Shea Ernshaw,Female,White,American,,
005633,Devi S. Laskar,Female,Asian,American,Of Bangladeshi descent,
008672,Max Allan Collins,Male,White,American,,
003910,Carl Sagan,Male,White,American,,
007032,Barbara Tuchman,Female,White,American,,
001257,Snorri Sturluson,Male,White,Icelandic,,
009442,Juan Rulfo,Male,Latino,Mexican,,
008127,Jonathan Escoffery,Male,Black,American,Of Jamaican descent,
007741,Carmen Maria Machado,Female,"Latino, White",American,Cuban and Austrian descent,
005514,Laura Numeroff,Female,White,American,,
000863,Ezra Jack Keats,Male,White,American,Of Polish-Jewish descent,
006630,Michael Buckley,Male,White,American,,
009518,Trenton Lee Stewart,Male,White,American,,
008685,Emily Bronte,Female,White,British,,Emily Bronte
004010,Walter Pater,Male,White,English,,
000560,"Alfred, Lord Tennyson",Male,White,British,,TBD
000750,Robert Browning,Male,White,English,,
006712,Friedrich Schiller,Male,White,German,,
001447,George Berkeley,Male,White,Irish,,
004266,Jerry Spinelli,Male,White,American,,
004808,Mildred D. Taylor,Female,Black,American,,
000742,Judith Viorst,Female,White,American,,
003881,H.A. Rey,Male,White,German,,
008472,Anne Boyer,Female,White,American,,
001403,Nicole Krauss,Female,White,American,Of Jewish descent,
001998,Nicholson Baker,Male,White,American,,
008273,Wolfgang Amadeus Mozart,Male,White,Austrian,,
002382,Yevgeny Zamyatin,Male,White,Russian,,
009581,Katja Millay,Female,White,American,,
002459,Madame de La Fayette,Female,White,French,,
007453,Hanan al-Shaykh,Female,Middle Eastern or North African,Lebanese,,
001930,Cherie Dimaline,Female,Native American,Canadian,Member of the Metis Nation of Ontario,
004098,Jokha Alharthi,Female,Middle Eastern or North African,Omani,,
008601,Robert Burns,Male,White,Scottish,,
008285,Clara Reeve,Female,White,English,,
004461,Emmanuel de Las Cases,Male,White,French,,
006415,Johann David Wyss,Male,White,Swiss,,
007405,Erskine Childers,Male,White,Irish,,Erskine Childers
008345,Peter Orner,Male,White,American,,
001364,Tim Winton,Male,White,Australian,,
008242,T.E. Lawrence,Male,White,British,,
009078,Junichir≈ç Tanizaki,Male,Asian,Japanese,,
000413,Henry Brooke,Male,White,Irish,,
009115,Sadegh Hedayat,Male,Middle Eastern or North African,Iranian,,
001963,David Mamet,Male,White,American,Of Jewish descent,
003669,Claude McKay,Male,Black,"American, Jamaican",,
002386,Nathan Englander,Male,White,American,Of Jewish descent,
003162,Lydia Davis,Female,White,American,,
005499,Robert Harris,Male,White,British,,
006037,William Trevor,Male,White,Irish,,
009666,Tan Twan Eng,Male,Asian,Malaysian,,
006793,Barry Unsworth,Male,White,English,,
001946,David Benioff,Male,White,American,Of Jewish descent,David Friedman
000058,Nicola Barker,Female,White,English,,
007102,Homer,Male,White,Greek,,
007871,Charles Dickens,Male,White,English,,
000761,George Orwell,Male,White,English,,Eric Arthur Blair
006504,Herman Melville,Male,White,American,,
003456,Leo Tolstoy,Male,White,Russian,,
007863,Charlotte Bront√´,Female,White,English,,
004944,Mark Twain,Male,White,American,,Samuel Clemens
006786,J.R.R. Tolkien,Male,White,English,,
004959,J.D. Salinger,Male,White,American,,
005097,William Faulkner,Male,White,American,,
006035,Dante Alighieri,Male,White,Italian,,
003158,H.G. Wells,Male,White,English,,
001471,Toni Morrison,Female,Black,American,,
002915,Alexandre Dumas,Male,"White, Black",French,,
004272,Nathaniel Hawthorne,Male,White,American,,
000283,Virginia Woolf,Female,White,English,,Adeline Virginia Stephen
001497,Franz Kafka,Male,White,"Austrian, Czech",,
007450,John Steinbeck,Male,White,American,,
003117,Kazuo Ishiguro,Male,Asian,Japanese,,
007071,Junot D√≠az,Male,Latino,American,,
005453,Aldous Huxley,Male,White,English,,
005066,Donna Tartt,Female,White,American,,
002778,Erin Morgenstern,Female,White,American,,
000410,Sophocles,Male,White,Greek,,
002116,Kristin Hannah,Female,White,American,,
005054,Madeline Miller,Female,White,American,,
002495,Jonathan Franzen,Male,White,American,,
001222,Bram Stoker,Male,White,Irish,,
008751,Victor Hugo,Male,White,French,,
002152,Stephen King,Male,White,American,,
002779,Sylvia Plath,Female,White,American,,
005306,Markus Zusak,Male,White,Australian,,
005914,Douglas Adams,Male,White,English,,
004009,Kurt Vonnegut,Male,White,American,,
006828,Michael Chabon,Male,White,American,,
001563,Euripides,Male,White,Greek,,
008419,Voltaire,Male,White,French,,
001076,Agatha Christie,Female,White,English,,
003835,Angie Thomas,Female,Black,American,,
000405,Neil Gaiman,Male,White,English,,
006234,R.F. Kuang,Female,Asian,American,,
003094,Alice Sebold,Female,White,American,,
000912,Richard Powers,Male,White,American,,
001164,Haruki Murakami,Male,Asian,Japanese,,
008982,Ovid,Male,White,Roman,,
002446,Naomi Alderman,Female,White,English,,
006718,Alex Michaelides,Male,White,"British, Cyproit",,
008893,Kathryn Stockett,Female,White,American,,
009563,Hilary Mantel,Female,White,British,Of Irish descent,
006813,Jack London,Male,White,American,,
005997,Ta-Nehisi Coates,Male,Black,American,,
003326,Frances Hodgson Burnett,Female,White,English,,
000959,Andy Weir,Male,White,American,,
008636,Jennifer Egan,Female,White,American,,
005706,Thomas Hardy,Male,White,English,,
001274,Joseph Heller,Male,White,American,,
009554,George Eliot,Female,White,English,,
004694,Megan Miranda,Female,White,American,,
003276,Maggie Nelson,Female,White,American,,
003189,Chimamanda Ngozi Adichie,Female,Black,Nigerian,,
008979,Lewis Carroll,Male,White,English,,Charles Lutwidge Dodgson
004809,Louise Erdrich,Female,"Native American, White",American,,
002988,Alice Walker,Female,Black,American,,
003847,Anne Frank,Female,White,Dutch,,
006608,Johann Wolfgang von Goethe,Male,White,German,,
001495,Celeste Ng,Female,Asian,American,,
000187,Paulo Coelho,Male,Latino,Brazilian,,
006659,Claire North,Female,White,British,,
005748,Antoine de Saint-Exup√©ry,Male,White,French,,
005538,Zadie Smith,Female,Black,American,,
002611,Delia Owens,Female,White,American,,
004829,√âdouard Louis,Male,White,French,,
003848,Thomas Harris,Male,White,American,,
005067,Jesmyn Ward,Female,Black,American,,
006751,Ian McEwan,Male,White,British,Of Scottish descent,
000243,Mikhail Bulgakov,Male,White,Russian,,
008938,Yaa Gyasi,Female,Black,"Ghanaian, American",,
008130,Isabel Allende,Female,Latino,Argentinian,,
000989,Eleanor Catton,Female,White,New Zealand,,
008556,Emily St. John Mandel,Female,White,Canadian,,
009152,Edmund Spenser,Male,White,English,,
000341,Jean-Jacques Rousseau,Male,White,Swiss,Genevan,
007372,N.K. Jemisin,Female,Black,American,,
007229,Hermann Hesse,Male,White,"German, Swiss",,
005912,Nikki Erlick,Female,White,American,,
008022,Rudyard Kipling,Male,White,English,,
002148,Walt Whitman,Male,White,American,,
009721,Umberto Eco,Male,White,Italian,,
005302,Stephen Chbosky,Male,White,American,,
006750,Marcel Proust,Male,White,French,,
006587,Liu Cixin,Male,Asian,Chinese,,
004577,Gabrielle Zevin,Female,White,American,Jewish (Eastern European descent),
003078,Akwaeke Emezi,Non-Binary,"Asian, Black",Nigerian,Of Igbo and Sri-Lankan descent,
007245,Louisa May Alcott,Female,White,American,,
001428,Erik Larson,Male,White,American,,
008715,Kenneth Grahame,Male,White,British,"Scottish by birth, lived most of his life in England",
000249,William Gibson,Male,White,American,,
001360,Sir Arthur Conan Doyle,Male,White,British,"Born in Scotland, of Irish descent",
005673,Lois Lowry,Female,White,American,,
002574,Joe Abercrombie,Male,White,English,,
006144,Meg Wolitzer,Female,White,American,,
004448,Robert Jordan,Male,White,American,,
008458,Amy Tan,Female,Asian,American,,
003152,Margaret Mitchell,Female,White,American,,
003043,L. Frank Baum,Male,White,American,,
008150,Michael Ondaatje,Male,Asian,"Canadian, Sri Lankan",born in Sri Lanka,
000764,Diane Setterfield,Female,White,English,,
004699,E.M. Forster,Male,White,English,,
008983,Jojo Moyes,Female,White,English,,
001513,Ann Radcliffe,Female,White,English,,
008752,Niccol√≤ Machiavelli,Male,White,Italian,,
007850,Bernardine Evaristo,Female,Black,"English, Nigerian",,
004994,Tommy Orange,Male,Native American,American,,
003755,Alan Hollinghurst,Male,White,English,,
002198,Julie Orringer,Female,White,American,,
008496,John Donne,Male,White,English,,
001727,T√©a Obreht,Female,White,American,,
009488,Michelle Obama,Female,Black,American,,
001451,Ocean Vuong,Male,Asian,"American, Vietnamese",,
001824,Ahmed Saadawi,Male,Middle Eastern or North African,Iraqi,Arab,
004175,Nicholas Sparks,Male,White,American,,
003898,Alix E. Harrow,Female,White,American,,
002180,Kiley Reid,Female,Black,American,,
006067,Emma Cline,Female,White,American,,
007486,Isaac Asimov,Male,White,American,,
006849,Daniel Kahneman,Male,White,"American, Israeli",,
009952,Honor√©e Fanonne Jeffers,Female,Black,American,African American,
005635,Malcolm Gladwell,Male,"White, Black",Canadian,,
004476,Edgar Allan Poe,Male,White,American,,
008852,Robert Jones Jr.,Male,Black,American,,
008327,Arthur Miller,Male,White,American,,
000318,Charles Darwin,Male,White,English,,
001239,D.H. Lawrence,Male,White,English,,
003253,Gabriel Garcia Marquez,Male,Latino,Colombian,,
005121,Anne Bronte,Female,White,English,,Anne Bront√´
004342,Kate Quinn,Female,White,American,,
005328,Aristophanes,Male,White,Greek,,
008859,Adrian McKinty,Male,White,Irish,,
009326,Arthur Conan Doyle,Male,White,British,,
007695,Viet Thanh Nguyen,Male,Asian,American,,
001180,Claire Messud,Female,White,"American, Canadian",,
009617,Cassandra Clare,Female,White,American,,
008168,Anne Bront√´,Female,White,English,,
008975,Elizabeth Strout,Female,White,American,,
003629,Philip Pullman,Male,White,English,,
003179,David Baldacci,Male,White,American,,
003266,Frances Burney,Female,White,English,,
006916,Han Kang,Female,Asian,South Korean,,
000635,Viktor Frankl,Male,White,Austrian,,
005096,Edward Said,Male,Middle Eastern or North African,"American, Palestinian","Born in Palestine, Arab",
005254,Mary Ann Shaffer,Female,White,American,,
001225,Tara Conklin,Female,White,American,,
003737,Stendhal,Male,White,French,,
004350,Elena Ferrante,Female,White,Italian,,
004579,Aravind Adiga,Male,Asian,Indian,,
005716,William Peter Blatty,Male,White,American,,
000236,Carson McCullers,Female,White,American,,
002821,Rebecca Makkai,Female,White,American,,
009607,Matthew Desmond,Male,White,American,,
002805,Isabel Wilkerson,Female,Black,American,African American,
008474,Valmiki,Male,Asian,Indian,,
001931,Francis Turner Palgrave,Male,White,English,,
000724,John Keats,Male,White,English,,
006510,James Baldwin,Male,Black,American,African American,
002629,Annabel Lyon,Female,White,Canadian,,
006045,Octavia Butler,Female,Black,American,,
007906,Kathleen Alcott,Female,White,American,,
005367,Philip Roth,Male,White,American,Jewish (Ashkenazi),
005887,Riley Sager,Male,White,American,,
002464,William Makepeace Thackeray,Male,White,English,,
001397,Henrik Ibsen,Male,White,Norwegian,,
002479,Charles Duhigg,Male,White,American,,
002145,Orson Scott Card,Male,White,American,,
001611,James Fenimore Cooper,Male,White,American,,
000153,Daphne du Maurier,Female,White,English,,
004455,Rachel Joyce,Female,White,British,,
002684,Patrick Radden Keefe,Male,White,American,,
005717,Sun Tzu,Male,Asian,Chinese,,
001518,Michelle Zauner,Female,Asian,American,Korean American,
004636,Lao Tzu,Male,Asian,Chinese,,
003353,Steven Erikson,Male,White,Canadian,,
007562,Percival Everett,Male,Black,American,African American,
000062,Percy Bysshe Shelley,Male,White,English,,
007003,Friedrich Nietzsche,Male,White,German,,
009461,Jenny Offill,Female,White,American,,
006136,Dashiell Hammett,Male,White,American,,
009520,Simone de Beauvoir,Female,White,French,,
005327,Janet Skeslien Charles,Female,White,American,,
009136,Elly Griffiths,Female,White,British,,Domenica de Rosa
000450,Sebastian Barry,Male,White,Irish,,
006664,Laura Esquivel,Female,Latino,Mexican,,
003636,Jack Kerouac,Male,White,American,French Canadian,
006568,Shirley Jackson,Female,White,American,,
002965,Tsitsi Dangarembga,Female,Black,Zimbabwean,Shona descent,
002526,Ania Ahlborn,Female,White,"Polish, American",,
000681,Anton DiSclafani,Female,White,American,,
006246,Rainer Maria Rilke,Male,White,Austrian,,
000833,Raven Leilani,Female,Black,American,African American,
005133,Samantha Shannon,Female,White,British,Of Irish descent,
004025,Abraham Verghese,Male,Asian,American,"born Ethiopia, India descent",
007764,Nita Prose,Female,White,Canadian,,
005094,Thomas More,Male,White,English,,
002079,Howard Jacobson,Male,White,British,"Jewish (Ashkenazi), of Russian descent",
007522,Bill Bryson,Male,White,American,,
004349,Horace Walpole,Male,White,English,,
002700,Don DeLillo,Male,White,American,,
006629,Boris Pasternak,Male,White,Russian,,
002151,Cao Xueqin,Male,Asian,Chinese,,
008656,Samuel Johnson,Male,White,English,,
006841,Ben Fountain,Male,White,American,,
004249,Thucydides,Male,White,Greek,,
007478,Aliette de Bodard,Female,Asian,"French, Vietnamese","Born in France, Vietnamese parents",
002444,Richard Wright,Male,Black,American,African American,
002696,Jos√© Saramago,Male,White,Portuguese,,
008201,Tomi Adeyemi,Female,Black,American,,
003130,Bren√© Brown,Female,White,American,,
001696,Ben Jonson,Male,White,English,,
004888,Karen Russell,Female,White,American,,
005680,Dennis Lehane,Male,White,American,,
007130,Naomi Novik,Female,White,American,,
004315,Edward Gibbon,Male,White,English,,
005262,Pablo Neruda,Male,Latino,Chilean,,
007671,Heather Morris,Female,White,New Zealand,,
003838,Walter Isaacson,Male,White,American,,
002568,Raymond Chandler,Male,White,"American, British",Of Irish descent,
004796,Damon Galgut,Male,White,South African,White Afrikaans-speaking minority,
000893,Terry Pratchett,Male,White,English,,
007144,Elif Shafak,Female,White,Turkish,,
003541,Lorrie Moore,Female,White,American,,
002721,Michael Cunningham,Male,White,American,,
000881,John Langan,Male,White,American,,
008135,Stephen Covey,Male,White,American,,
008202,Gaston Leroux,Male,White,French,,
004706,Becky Chambers,Female,White,American,,
002287,Colm T√≥ib√≠n,Male,White,Irish,,
003548,Brandon Taylor,Male,Black,American,African American,
007148,Rupi Kaur,Female,Asian,"Canadian, Indian",South Asian (Indian Punjabi-Sikh descent),
003714,Helen Hoang,Female,Asian,"American, Vietnamese",Born in Vietnam,
008649,Jill Santopolo,Female,White,American,,
001940,Sei Sh≈çnagon,Female,Asian,Japanese,,
000310,Richard Dawkins,Male,White,English,,
001980,Grady Hendrix,Male,White,American,,
000068,Sir Walter Scott,Male,White,Scottish,,
000335,Siddhartha Mukherjee,Male,Asian,"American, Indian",,
005308,Michel de Montaigne,Male,White,French,,
003797,Alex Haley,Male,Black,American,African American,
005164,Omar Khayyam,Male,Middle Eastern or North African,"Persian, Iranian",,
005688,Harriet Beecher Stowe,Female,White,American,,
003973,Carlos Fuentes,Male,Latino,Mexican,,
005001,Michael Lewis,Male,White,American,,
007965,Thomas Piketty,Male,White,French,,
004738,Whitney Scharer,Female,White,American,,
006551,Stephen Crane,Male,White,American,,
003544,Sei Shonagon,Female,Asian,Japanese,,
004666,Michael Crichton,Male,White,American,,
002049,Jessamine Chan,Female,Asian,"American, Chinese",Of Chinese and Taiwanese descent,
005798,Samuel Taylor Coleridge,Male,White,English,,
003686,Diane Chamberlain,Female,White,American,,
004346,Barack Obama,Male,Black,American,"African American, Former U.S. President, biracial, Kenyan father, American mother",
007334,Petrarch,Male,White,Italian,,
003729,Tamsyn Muir,Female,White,New Zealand,,
006036,M.L. Stedman,Female,White,Australian,,
005935,Joseph Campbell,Male,White,American,,
001559,Trevor Noah,Male,Black,South African,"South African, Mixed-race background, mom is South African Xhosa descent, father is Swiss-German descent born in Switzerland",
003946,Sharon Olds,Female,White,American,,
006052,Sarah Tolcser,Female,White,American,,
000622,Freya Sampson,Female,White,British,,
009786,John Updike,Male,White,American,,
000628,Merlin Sheldrake,Male,White,British,,
003003,Christina Lauren,Female,White,American,,
002294,Elin Hilderbrand,Female,White,American,,
004535,Philip K. Dick,Male,White,American,,
009848,Steven Pinker,Male,White,Canadian,Jewish,
001069,Dale Carnegie,Male,White,American,,
007114,Jeannette Walls,Female,White,American,,
002648,Apollonius of Rhodes,Male,White,Greek,,
008510,Jim Butcher,Male,White,American,,
009210,Stephen Hawking,Male,White,English,,
009345,Roald Dahl,Male,White,British,,
003114,TJ Klune,Male,White,American,,
000545,√âmile Zola,Male,White,French,,
003674,Anne Enright,Female,White,Irish,,
006423,Farid ud-Din Attar,Male,Middle Eastern or North African,"Persian, Iranian",,
005005,Gwendolyn Kiste,Female,White,American,,
001145,Ali Hazelwood,Female,White,American,,
007626,Rick Yancey,Male,White,American,,
005713,Ferdowsi,Male,Middle Eastern or North African,"Persian, Iranian",,
009718,Genevieve Cogman,Female,White,British,,
001267,Lydia Millet,Female,White,American,,
001637,Rivers Solomon,Non-Binary,Black,American,,
001383,Zakiya Dalila Harris,Female,Black,American,African American,
002877,Sidney Poitier,Male,Black,"American, Bahamian",Bahamian American,
004019,Joseph O'Neill,Male,White,Irish,,
001632,Martin Amis,Male,White,English,,
008252,Nikole Hannah-Jones,Female,Black,American,African American,
000550,Kate Atkinson,Female,White,English,,
002552,Carol S. Dweck,Female,White,American,,
002083,Geraldine Brooks,Female,White,"American, Australian",,
007217,Raymond Carver,Male,White,American,,
009053,Lucy Ellmann,Female,White,"American, British",,
005976,Ayad Akhtar,Male,Asian,"American, Pakistani",Pakistani American,
003454,Adam Nevill,Male,White,English,,
002339,Betty Friedan,Female,White,American,,
001402,A.F. Brady,Female,White,American,,
001405,Hannah Webster Foster,Female,White,American,,
008960,Hanna Jameson,Female,White,British,,
002719,Charles Yu,Male,Asian,"American, Taiwanese",Taiwanese American,
002674,Yasunari Kawabata,Male,Asian,Japanese,,
007416,Diane Cook,Female,White,American,,
008462,Layli Long Soldier,Female,Native American,American,Oglala Lakota descent,
008364,Johanna Spyri,Female,White,Swiss,,
006561,Aphra Behn,Female,White,English,,
008576,Martha Wells,Female,White,American,,
003403,Chanel Miller,Female,Asian,American,Chinese American,
001876,Kim Edwards,Female,White,American,,
002274,Susan Hill,Female,White,English,,
004615,Anthony Horowitz,Male,White,English,,
001369,Hesiod,Male,White,Greek,,
003955,Lisa Ko,Female,Asian,American,Chinese American,
007793,Anton Chekhov,Male,White,Russian,,
007949,Carol Shields,Female,White,Canadian,,
008561,Laura Purcell,Female,White,British,,
007448,John Irving,Male,White,American,,
002310,Sarah Lotz,Female,White,British,,
006689,Rene Denfeld,Female,White,American,,
000350,Xueqing Cao,Male,White,Chinese,,
009070,Herv√© Le Tellier,Male,White,French,,
006332,Ken Follett,Male,White,Welsh,,
006650,George Meredith,Male,White,English,,
003509,Sarah Cain,Female,White,American,,
003328,Tom Clancy,Male,White,American,,
001794,Alexander McCall Smith,Male,White,Scottish,,
009725,John le Carr√©,Male,White,"British, Irish",,
007801,Michael Connelly,Male,White,American,,
008186,Andre Dubus III,Male,White,American,,
008523,Darby Kane,Female,White,American,,
008525,Katherine Arden,Female,White,American,,
000765,Baroness Orczy,Female,White,"British, Hungarian",,
008066,Fiona Barton,Female,White,English,,
001036,Anita Shreve,Female,White,American,,
006897,Adrian C. Roberts,Male,White,American,,
006987,Samantha Downing,Female,White,American,,
002870,Stephen Graham Jones,Male,Native American,American,,
008606,Kevin Powers,Male,White,American,,
003364,Sarah Penner,Female,White,American,,
005205,Emma Rous,Female,White,English,,
003599,Max Barry,Male,White,Australian,,
006056,C.E. Morgan,Female,White,American,,
007646,Kevin Hearne,Male,White,"American, Canadian",,
001630,Tom Perrotta,Male,White,American,,
009286,William Styron,Male,White,American,,
005817,E. Lockhart,Female,White,American,,
001163,Shi Nai'an,Male,Asian,Chinese,,
009982,Ed Yong,Male,Asian,"British, Malaysian",,
001269,Don Miguel Ruiz,Male,Latino,Mexican,,
007132,Sarah Beth Durst,Female,White,American,,
001238,Cassandra Khaw,Non-Binary,Asian,Malaysian,,
001617,Viktor E. Frankl,Male,White,Austrian,Jewish,
004250,Edward Albee,Male,White,American,,
003018,David Wallace-Wells,Male,White,American,,
000021,Laura Hillenbrand,Female,White,American,,
000816,Betty Smith,Female,White,American,,
008668,Thomas Kuhn,Male,White,American,,
009933,A.S. Byatt,Female,White,English,,
005298,Olivie Blake,Female,White,American,Identifies as queer,
008598,Jessie Burton,Female,White,English,,
007502,Denis Diderot,Male,White,French,,
000727,Tayeb Salih,Male,Black,Sudanese,African,
004470,Sophie Mackintosh,Female,White,Welsh,,
005086,Kate Grenville,Female,White,Australian,,
000826,Jennifer Saint,Female,White,British,,
009024,Jean M. Auel,Female,White,American,,
000337,Richard Flanagan,Male,White,Australian,,
004388,Caleb Carr,Male,White,American,,
007174,J.D. Vance,Male,White,American,,
008415,William Goldman,Male,White,American,,
004562,Karl Marx,Male,White,German,,
004660,L.J. Smith,Female,White,American,,
007370,Menna van Praag,Female,White,English,,
002021,David Brooks,Male,White,American,,
008316,Fergus Hume,Male,White,English,,
007504,Kristen Callihan,Female,White,American,,
008528,Karen Joy Fowler,Female,White,American,,
005420,Kiera Cass,Female,"White, Latino",American,,
006837,Charles Burns,Male,White,American,,
009650,Brandon Mull,Male,White,American,,
004423,Matsuo Bash≈ç,Male,Asian,Japanese,,
003311,"Robert Jones, Jr.",Male,Black,American,African American,
009382,Alan Paton,Male,White,South African,,
004640,Natasha Brown,Female,Black,British,,
000007,J.M. Coetzee,Male,White,South African,,
005020,The Bront√´ Sisters,Female,White,English,,
002874,Margaret Wise Brown,Female,White,American,,
007301,Cherie Jones,Female,Black,Barbadian,,
000008,Nicholas Evans,Male,White,English,,
006158,Patricia Highsmith,Female,White,American,,
009694,Julie C. Dao,Female,Asian,American,,
007253,Ling Ma,Female,Asian,"Chinese, American",,
003523,Crockett Johnson,Male,White,American,,
008942,Becky Albertalli,Female,White,American,,
005884,Ford Madox Ford,Male,White,English,,
006566,Sîn-lēqi-unninni,Male,Middle Eastern or North African,Mesopotamian,,
002858,Frank McCourt,Male,White,"Irish, American",,
002486,Mary Karr,Female,White,American,,
001698,Philip Hensher,Male,White,British,,
004826,Nell Zink,Female,White,American,,
003026,Hans Rosling,Male,White,Swedish,,
003469,Diane Ackerman,Female,White,American,,
000683,Max Weber,Male,White,German,,
001595,Lawrence Wright,Male,White,American,,
000135,William Hill Brown,Male,White,American,,
006169,Jane Urquhart,Female,White,Canadian,,
008083,C.J. Tudor,Female,White,British,,
008182,Ivan Turgenev,Male,White,Russian,,
000979,Jen Sincero,Female,White,American,,
006065,Sandie Jones,Female,White,British,,
003984,Louise Jensen,Female,White,British,,
004063,Sarah Pearse,Female,White,English,,
009466,Geoffrey of Monmouth,Male,White,Welsh,,
003703,Jade Chang,Female,Asian,"Chinese, American",,
006275,Shelley Parker-Chan,Non-Binary,"Asian, White",Australian,Of Malaysian-Chinese descent,
001840,Jared Diamond,Male,White,American,,
000040,Tacitus,Male,White,Roman,,
002328,Ashley Audrain,Female,White,Canadian,,
000077,Charlaine Harris,Female,White,American,,
000210,Megan Goldin,Male,White,Australian,,
002592,Anthony Hope,Male,White,English,,
004323,Augustine of Hippo,Male,Black,"Roman, Berber",North African descent,
003021,Daniel O'Malley,Male,White,American,,
001288,Eric Schlosser,Male,White,American,,
006941,Thomas Middleton,Male,White,English,,
002646,Guido delle Colonne,Male,White,Italian,,
001783,Jean de Meun,Male,White,French,,
003531,Boethius,Male,White,Roman,,
003149,Paul Kalanithi,Male,Asian,American,"Indian descent, born in USA",
006025,William Wordsworth ,Male,White,English,,
002029,Ernest Becker,Male,White,American,,
003655,Curtis Sittenfeld,Female,White,American,,
008233,Naomi Krupitsky,Female,White,American,Jewish,
008187,Sigrid Nunez,Female,Asian,American,"Chinese, German descent; born in US",
003346,W.B. Yeats,Male,White,Irish,,
005908,Patricia Cornwell,Female,White,American,,
003096,Alden Bell,Male,White,American,,
005579,Shari Lapena,Female,White,Canadian,,
008395,Elie Wiesel,Male,White,Romanian,Jewish,
009001,Glen Duncan,Male,"Asian, White",English,Anglo-Indian,
001297,Patrick deWitt,Male,White,Canadian,,
005125,Patti Smith,Female,White,American,,
000446,Chris Cleave,Male,White,British,,
001169,Brian Greene,Male,White,American,,
004528,Meg Cabot,Female,White,American,,
009913,James Boswell,Male,White,Scottish,,
009600,Meg Shaffer,Female,White,American,,
008879,Elias L√∂nnrot,Male,White,Finnish,,
007004,Bernard Mandeville,Male,White,Dutch,,
001706,Mark Z. Danielewski,Male,White,American,,
005481,Lauren Weisberger,Female,White,American,,
000516,Joyce Carol Oates,Female,White,American,,
003530,Arthur Ransome,Male,White,English,,
004369,Robert James Waller,Male,White,American,,
003891,Ann Napchett,Female,White,American,,
004553,Emily Henry,Female,White,American,,
004646,Blake Crouch,Male,White,American,,
009460,"Prince Harry, The Duke of Sussex",Male,White,British,,
006276,Anna Wiener,Female,White,American,,
006845,Meghan O'Gieblyn,Female,White,American,,
002276,Napoleon Hill,Male,White,American,,
004687,Tom King,Male,White,American,,
000292,Madeleine L'Engle,Female,White,American,,
004709,Samantha King,Female,White,English,,
005652,Benjamin Graham,Male,White,American,,
007418,Jonathan Warren,Male,White,American,,
004133,Paul Auster,Male,White,American,,
005927,Adrian J. Walker,Male,White,British,,
008039,Qian Julie Wang,Female,Asian,"American, Chinese",,
001691,Hans Christian Andersen,Male,White,Danish,,
009929,J. Meade Falkner,Male,White,English,,
006240,Aiden Thomas,Non-Binary,Latino,American,,
004949,Tasha Suri,Female,Asian,British,,
008620,Gabriel Tallent,Male,White,American,,
000608,Jenn Lyons,Female,White,American,,
009195,Stephen Fry,Male,White,English,,
009185,Stuart Neville,Male,White,Irish,,
009214,A.A. Milne,Male,White,English,,
003836,Brian K. Vaughan,Male,White,American,,
009143,Jerome K. Jerome,Male,White,English,,
001928,Sherman Alexie,Male,Native American,American,,
001542,Emil Ferris,Female,White,American,,
002726,DBC Pierre,Male,White,Australian,,
002173,Denis Johnson,Male,White,American,,
007064,John Ajvide Lindqvist,Male,White,Swedish,,
006095,Murasaki Shibiki,Female,Asian,Japanese,,
006765,Rebecca Solnit,Female,White,American,,
004331,Yoko Ogawa,Female,Asian,Japanese,,
003216,Ir√®ne N√©mirovsky,Female,White,"Russian, French","Jewish, born in Russia, French",
004028,Jonathan Safran Foer,Male,White,American,Jewish (Eastern European descent),
001031,Kiese Laymon,Male,Black,American,African American,
009499,Catherine Lacey,Female,White,American,,
003071,W.G. Sebald,Male,White,German,,
007985,Martin McDonagh,Male,White,Irish,,
009556,Sarah Palin,Female,White,American,,
003343,Annie Baker,Female,White,American,,
009805,Marilyn Robinson,Female,White,American,,
006500,Anne Carson,Female,White,Canadian,,
002288,Dawnie Walton,Female,Black,American,African American,
000672,Rachel Cusk,Female,White,British,,
009589,Hugh Howey,Male,White,American,,
000322,Akwaghwu Okereke,Male,Black,Nigerian,African,
004018,Yoon Ha Lee,Male,Asian,"Korean, American","Born in US, Korean parents",
008003,Kai Ashante Wilson,Male,Black,American,African American,
004834,Seanan McGuire,Female,White,American,,
001172,Adam Grant,Male,White,American,,
007947,"Bessel van der Kolk, M.D.",Male,White,"Dutch, American",Born in the Netherlands,
002623,Kaya Oakes,Female,White,American,,
006693,David Guterson,Male,White,American,,
005038,Alice Feeney,Female,White,British,,
008229,Andrea Elliott,Female,White,American,,
004726,Jennifer Croft,Female,White,American,,
002634,R.J. Palacio,Female,Latino,American,,
006609,Morgan Parker,Female,Black,American,African American,
001516,Lemony Snicket,Male,White,American,,
004720,Cornelia Funke,Female,White,German,,
000876,Tiffany Midge,Female,Native American,American,Hidatsa descent,
007962,Stacy Schiff,Female,White,American,,
009207,Tiya Miles,Female,Black,American,African American,
004875,Barbara Ehrenreich,Female,White,American,,
008928,Barbara Demick,Female,White,American,,
001669,Elizabeth Berg,Female,White,American,,
009137,Jim Thompson,Male,White,American,,
007898,Ariel Levy,Female,White,American,,
005587,Jessica Shattuck,Female,White,American,,
001882,Nora Roberts,Female,White,American,,
008772,Peter Zeihan,Male,White,American,,
008939,Heather Clark,Female,White,American,,
007811,Willo Davis Roberts,Female,White,American,,
005901,David Lagercrantz,Male,White,Swedish,,
001887,Ben Aaronovitch,Male,White,English,,
008429,Juan Antonio Bayona,Male,White,Spanish,,
006138,William P. McGivern,Male,White,American,,
008720,Lee Child,Male,White,British,,James Dover Grant
002814,Brian McClellan,Male,White,American,,
001766,Django Wexler,Male,White,American,,
001380,Pliny the Younger,Male,White,Roman,,
006539,Juvenal,Male,White,Roman,,
000904,Daisy Whitney,Female,White,American,,
002536,Julie Kagawa,Female,Asian,American,,
003756,Maggie Stiefvater,Female,White,American,,
000736,Kass Morgan,Female,White,American,,
006264,Elisabeth Tova Bailey,Female,White,American,,
004980,Joshua Ferris,Male,White,American,,
003773,Pablo DeSantis,Male,Latino,Argentinian,,
009411,Jasper Fforde,Male,White,English,,
007207,Fran√ßois Villon,Male,White,French,,
005644,Pindar,Male,White,Greek,,
000129,Giovanni Pico della Mirandola,Male,White,Italian,,
005076,Aelius Aristides,Male,White,Greek,,
003769,Lucian,Male,White,Greek,,
004543,Dan Simmons,Male,White,American,,
009719,Margo Lanagan,Female,White,Australian,,
004671,Ezra Pound,Male,White,American,,
001057,Thomas Jefferson,Male,White,American,,
008849,Tony Kushner,Male,White,American,Jewish (Ashkenazi),
009007,Steven Johnson,Male,White,American,,
009475,Seth Grahame-Smith,Male,White,American,,
008653,Deborah Harkness,Female,White,American,,
008539,S√∏ren Kierkegaard,Male,White,Danish,,
006353,Elizabeth Ames,Female,White,American,,
008018,John Fowles,Male,White,English,,
009953,Tim Tharp,Male,White,American,,
000328,Kamala Markandaya,Female,Asian,Indian,,
002712,Bao Ninh,Male,Asian,Vietnamese,,
000036,James D. Watson,Male,White,American,,
008882,Wole Soyinka,Male,Black,Nigerian,African,
005815,Ismail Kadare,Male,White,Albanian,,
000320,Blaise Pascal,Male,White,French,,
003668,Suzan-Lori Parks,Female,Black,American,African American,
006896,Rabindranath Tagore,Male,Asian,Indian,,
003922,Anne Sexton,Female,White,American,,
000623,Timothy Ferriss,Male,White,American,,
006752,Torquato Tasso,Male,White,Italian,,
005114,Matteo Maria Boiardo,Male,White,Italian,,
002553,Gottfried von Strassburg,Male,White,German,,
002400,Marie de France,Female,White,French,,
003332,Giovanni Battista Guarini,Male,White,Italian,,
002359,Mariana Zapata,Female,Latino,American,,
000685,Jack Parrock,Male,White,British,,
000860,Don Freeman,Male,White,American,,
007942,Gustave Le Bon,Male,White,French,,
008278,S.J. Kincaid,Female,White,American,,
006269,Kara Thomas,Female,White,American,,
001275,Yangsze Choo,Female,Asian,"Malaysian, American",Of Chinese descent,
009678,S.A. Chakraborty,Female,White,American,,
008989,Seamus Heaney,Male,White,Irish,,
009560,Joanna Boulter,Female,White,British,,
007787,Robert Caro,Male,White,American,,
008909,Gabriel Garc√≠a,Male,Latino,Colombian,,
003524,Joseph Roth,Male,White,Austrian,Jewish,
006672,Tom Crewe,Male,White,English,,
005495,JJ Bola,Male,Black,"Congolese, British, French",,
007734,Caitlin Starling,Female,White,American,,
005852,Donald Crews,Male,Black,American,African American,
003153,Robert McCloskey,Male,White,American,,
009594,Michael Scott,Male,White,Irish,,
008326,John Flanagan,Male,White,Australian,,
004712,Charlotte Bronte,Female,White,English,,
002441,Katherine Mansfield,Female,White,"New Zealand, British","Born in New Zealand, British descent",
006327,Matthew Arnold,Male,White,English,,
002795,Elizabeth Barrett Browning,Female,White,English,,
008711,Mary Wollstonecraft,Female,White,English,,
004178,David Hume,Male,White,Scottish,,
000070,Anna Sewell,Female,White,English,,
002031,Louis Sachar,Male,White,American,,
000115,Katherine Paterson,Female,White,American,,
001139,Esphyr Slobodkina,Female,White,"Russian, American","Jewish, born in Russia",
004575,Bill Clegg,Male,White,American,,
000156,Christos Tsiolkas,Male,White,"Greek, Australian",Born in Australia to Greek parents,
008707,David Wroblewski,Male,White,American,,
001398,Karen Thompson Walker,Female,White,American,,
007699,Giacomo Casanova,Male,White,Italian,,
001968,Barbara Love,Female,White,American,,
001034,Giuseppe Tomasi di Lampedusa,Male,White,Italian,,
000223,Bruce Pascoe,Male,Aboriginal,Australian,,
009598,Alaa Al Aswany,Male,Middle Eastern or North African,Egyptian,Arab,
009035,Johann von Goethe,Male,White,German,,
009201,John Polidori,Male,White,British,,
009756,Madame de Lafayette,Female,White,French,,
006329,Louis XIV,Male,White,French,,
001090,Martin Luther,Male,White,German,,
009295,A. Merritt,Male,White,American,,
000903,Maxim Gorky,Male,White,Russian,,
002571,David Nicholls,Male,White,British,,
003285,Yukio Mishima,Male,Asian,Japanese,,
008394,Christina Stead,Female,White,Australian,,
004801,Ghassan Kanafani,Male,Middle Eastern or North African,Palestinian,Arab,
008535,August Wilson,Male,Black,American,African American,
002499,Harold Pinter,Male,White,British,,
000776,Countee Cullen,Male,Black,American,African American,
007995,Gioconda Belli,Female,Latino,Nicaraguan,,
006194,Colum McCann,Male,White,Irish,,
009140,John Banville,Male,White,Irish,,
009279,T.C. Boyle,Male,White,American,,
001621,Ann Packer,Female,White,American,,
009925,Andrei Codrescu,Male,White,"Romanian, American",Born in Romania,
000117,Gustav Meyrink,Male,White,Austrian,,
006591,Norton Juster,Male,White,American,,
